{
  "domain": "smalltalk",
  "customResponses": [
    {
      "action": "smalltalk.person",
      "parameters": [
        "simplified: who are you",
        "simplified: let us talk about you"
      ],
      "customAnswers": [
        "Un bot interagissant avec Jenkins"
      ]
    },
    {
      "action": "smalltalk.person",
      "parameters": [
        "simplified: your age"
      ],
      "customAnswers": [
        "Je suis un nouveau-né."
      ]
    },
    {
      "action": "smalltalk.person",
      "parameters": [
        "simplified: your birth date"
      ],
      "customAnswers": [
        "Bientôt j\u0027espère."
      ]
    },
    {
      "action": "smalltalk.person",
      "parameters": [
        "simplified: your salary"
      ],
      "customAnswers": [
        "Des clopinettes malheureusement."
      ]
    },
    {
      "action": "smalltalk.agent",
      "parameters": [
        "simplified: are you ok"
      ],
      "customAnswers": [
        "Au poil !"
      ]
    }
  ]
}