{
  "id": "c6c78646-52a1-44d5-8480-3c384dcc655a",
  "name": "Job",
  "isOverridable": true,
  "entries": [
    {
      "value": "ePaye-DEV",
      "synonyms": [
        "ePaye-DEV",
        "développement",
        "dev"
      ]
    },
    {
      "value": "ePaye-Production",
      "synonyms": [
        "ePaye-Production",
        "production"
      ]
    },
    {
      "value": "ePaye-DEV-integration",
      "synonyms": [
        "ePaye-DEV-integration",
        "intégration",
        "integration"
      ]
    }
  ],
  "isEnum": false,
  "automatedExpansion": false
}